timestamp,foods,analysis
2025-03-30 07:54,"french_fries, hamburger","Couldn't analyze: 
  No API_KEY or ADC found. Please either:
    - Set the `GOOGLE_API_KEY` environment variable.
    - Manually pass the key with `genai.configure(api_key=my_api_key)`.
    - Or set u"
2025-03-30 08:00,"french_fries, hamburger","Couldn't analyze: 
  No API_KEY or ADC found. Please either:
    - Set the `GOOGLE_API_KEY` environment variable.
    - Manually pass the key with `genai.configure(api_key=my_api_key)`.
    - Or set u"
2025-03-30 08:05,"french_fries, hamburger","Couldn't analyze: 
  No API_KEY or ADC found. Please either:
    - Set the `GOOGLE_API_KEY` environment variable.
    - Manually pass the key with `genai.configure(api_key=my_api_key)`.
    - Or set u"
2025-03-30 08:08,"french_fries, hamburger","Okay, here's a nutritional analysis of a meal consisting of french fries and a hamburger, following your requested format:

 **Attila's Rating: 2/5**  (Needs Improvement!)

**Analysis of: French Fri"
2025-03-30 08:25,"french_fries, hamburger","Okay, here's an analysis of a meal consisting of a hamburger and french fries:

 **Attila's Rating: 2/5** 

**Health Benefits (limited):**

*   *Source of Energy:* Provides carbohydrates and fats, w"
2025-03-30 08:25,waffles,"Alright, let's analyze waffles as a meal! Here's Attila's take:

 **Attila's Rating: 2.5/5** 

Here's the breakdown:

**Waffles as a Meal: Analysis**

*   **3 Health Benefits (Considering fortified "
2025-03-30 08:43,"french_fries, hamburger","Okay, here's an analysis of a meal consisting of a hamburger and french fries, with a focus on health benefits, risks, and a healthier alternative.

 **Attila's Rating: 1.5/5**  (Needs significant i"
2025-03-30 09:30,waffles,"Okay, let's analyze waffles as a meal!

 **Attila's Rating: 2/5** 

Here's the breakdown:

**Waffles Analysis as a Meal**

*   **3 Health Benefits:**
    *   **Can be a source of fiber:** Depending "
2025-03-30 09:30,waffles,"Okay, let's analyze a waffle-based meal!

 **Attila's Rating:** 2/5 (Needs some serious upgrades to be a nutritional champion!)

**Waffle Meal Analysis**

Here's a breakdown of the potential health b"
2025-03-30 09:34,"french_fries, hamburger","Okay, here's an analysis of a meal consisting of a hamburger and french fries, formatted as requested:

 **Attila's Rating: 2/5**  (Definitely needs improvement!)

**Health Benefits (Very Limited):*"
2025-03-30 09:34,"french_fries, hamburger","Okay, here's an analysis of a meal consisting of French fries and a hamburger, presented in the requested format:

 **Attila's Rating: 2/5** 

**Analysis: Hamburger and French Fries Meal**

**Health"
